waterfront,renovated,view,condition,grade,bedrooms,bathrooms,sqft_living,sqft_lot,floors,sqft_above,sqft_basement,yr_built,sqft_living15,sqft_lot15,price
0,0,0,4,3,3,0.75,2510,20000,2,2510,0,1961,2130,20000,363000
0,0,0,3,3,2,1,770,17334,1,770,0,1978,1480,17334,100000
0,yes,0,3,2,2,1,828,4524,1,828,0,1968,828,5402,110000
0,0,0,4,2,2,1,840,6480,1,840,0,1954,1100,7300,124500
0,0,0,4,2,3,1,860,33664,1,860,0,1955,1290,18287,199129
0,0,0,4,2,3,1,900,10511,1,900,0,1961,1460,10643,178500
0,0,0,3,2,2,1,900,13531,1,900,0,1979,1767,8308,174000
0,0,0,3,3,3,1,910,7686,1,910,0,1969,1020,7686,169000
0,0,0,3,2,2,1,910,22000,1,910,0,1956,1326,9891,100000
0,0,0,4,3,3,1,910,7194,1,910,0,1971,1530,7200,182500
0,0,0,4,3,3,1,920,14400,1,920,0,1977,1170,9600,212500
0,0,0,4,3,3,1,920,9812,1,920,0,1962,1188,9812,199500
0,0,0,4,2,3,1,940,10890,1,940,0,1909,1370,10255,185900
0,0,0,3,3,3,1,970,14850,1,970,0,1968,1410,14850,184000
0,0,0,3,3,3,1,980,9135,1,980,0,1955,1780,9135,185000
0,0,0,3,2,2,1,1000,16524,1,1000,0,1913,1350,10208,115000
0,0,0,4,3,3,1,1010,9576,1,1010,0,1967,1540,9576,201700
0,0,0,4,2,3,1,1010,7520,1,1010,0,1975,1370,8469,183500
0,0,0,4,3,2,1,1050,60113,1,1050,0,1943,1380,27442,415000
0,0,0,3,3,3,1,1070,22489,1,1070,0,1967,1880,20250,195000
0,0,0,3,3,3,1,1070,6164,1,1070,0,1967,1320,7920,175000
0,0,0,3,3,3,1,1080,10500,1,1080,0,1967,1200,9607,132500
0,0,0,3,2,3,1,1080,16000,1,1080,0,1952,1610,10007,225000
0,yes,0,3,2,2,1,1088,8453,1,1088,0,1952,1088,8016,238000
0,0,0,3,3,3,1,1100,17334,1,1100,0,1978,1530,18694,139000
0,0,0,4,2,3,1,1120,10665,1,1120,0,1961,1240,10639,225000
0,0,0,3,3,1,1,1120,17332,1,1120,0,1988,1280,17334,166000
0,0,0,4,3,3,1,1140,9639,1,1140,0,1967,1140,9639,230000
0,0,0,3,3,3,1,1140,8800,1,1140,0,1972,1270,13560,172500
0,0,0,4,2,3,1,1150,19200,1,1150,0,1908,1290,19200,165000
0,0,0,4,2,3,1,1150,6480,1.5,1150,0,1946,1100,7300,171500
0,yes,0,4,2,3,1,1150,8000,1.5,1150,0,1913,1170,9600,168000
0,0,0,2,3,4,1,1220,8075,1,890,330,1969,1290,7800,240000
0,0,0,5,3,3,1,1220,9600,1,1220,0,1958,1310,9600,210500
0,0,0,4,3,3,1,1220,22443,1,1220,0,1972,1260,19950,201000
0,0,0,4,3,4,1,1220,11730,1,1220,0,1960,1270,9520,199000
0,0,0,3,3,3,1,1250,7280,1,1250,0,1965,1450,7350,221000
0,0,0,3,3,3,1,1250,7820,1,1250,0,1967,1300,7920,225000
0,0,0,5,2,2,1,1280,21750,1.5,1280,0,1912,1520,21750,170000
0,0,0,5,2,2,1,1300,44431,1,1300,0,1958,1470,14850,175000
0,0,0,3,3,3,1,1310,9554,1,960,350,1962,1310,9845,195000
0,0,0,3,3,3,1,1310,9612,1,960,350,1962,1310,9812,150000
0,0,0,3,3,3,1,1320,9000,1,1320,0,1966,1320,9800,196500
0,0,0,4,3,4,1,1340,7920,1,1340,0,1970,1090,9600,205000
0,0,0,4,3,3,1,1360,20000,1,1360,0,1953,1530,9997,159000
0,0,0,3,3,3,1,1370,10708,1,1370,0,1969,1770,14482,205000
0,0,0,4,2,3,1,1390,16000,1,1390,0,1960,1420,10000,230000
0,0,0,2,3,4,1,1440,9600,1,1440,0,1964,1740,43560,269950
0,0,0,3,3,3,1,1510,142803,1,1510,0,1974,1330,46609,299000
0,0,0,4,2,3,1,1510,17040,1,1510,0,1975,1520,14000,185000
0,0,0,4,3,3,1,1540,37950,1,1090,450,1959,1820,24375,429000
0,0,0,4,3,3,1,1580,7560,1,1000,580,1976,1580,7560,254999
0,0,0,3,2,4,1,1610,24000,1.5,1610,0,1947,1270,9600,235000
0,0,0,3,3,3,1,1660,7210,1,1100,560,1963,1660,7245,225000
0,0,0,4,3,3,1,1690,20063,1.5,1690,0,1913,1700,15899,240000
0,0,0,4,3,3,1,1710,12000,1,1710,0,1972,1310,9600,255000
0,0,0,3,3,2,1,1730,9610,1,1380,350,1962,1310,9812,200000
0,0,0,3,3,3,1,1730,7210,1,1430,300,1963,1820,7210,210000
0,0,0,4,2,2,1,1747,12250,2.5,1747,0,1948,1620,10300,267500
0,0,3,4,4,2,1,1780,81021,1,1780,0,1954,1780,26723,270000
0,0,0,4,2,3,1,1900,33888,1.5,1900,0,1942,1430,19200,239950
0,0,0,4,2,2,1,1960,186872,1.5,1960,0,1936,1650,19200,305000
0,0,0,4,3,3,1,1980,18730,1,1280,700,1943,1356,9450,207000
0,0,0,3,2,3,1.5,1000,18568,1,1000,0,1989,1610,17420,196000
0,0,0,3,3,3,1.5,1100,32700,1,1100,0,1967,1616,32700,194820
0,0,0,3,3,3,1.5,1100,33600,1,1100,0,1967,1570,32700,215000
0,0,0,3,3,3,1.5,1200,12000,1,1200,0,1986,1200,9405,219000
0,0,0,3,3,3,1.5,1220,7300,1,1220,0,1973,1260,7347,175000
0,0,0,3,3,3,1.5,1280,7742,1,1280,0,1973,1566,7696,165000
0,0,0,3,3,2,1.5,1320,73600,1,1320,0,1993,1320,33600,350000
0,0,0,4,3,3,1.5,1360,7488,1,1050,310,1975,1580,7508,238000
0,0,0,5,3,3,1.5,1370,9800,1,1370,0,1968,1370,9800,246900
0,0,0,3,3,4,1.5,1370,7904,1,900,470,1970,1370,7900,190848
0,0,0,3,3,3,1.5,1390,7417,1,1390,0,1967,1390,7665,162500
0,0,0,3,3,4,1.5,1400,8500,2,1400,0,1975,1580,7650,257000
0,0,0,3,3,3,1.5,1460,15000,1,1460,0,1966,1510,15000,232000
0,0,0,3,3,4,1.5,1540,7300,2,1540,0,1973,1580,7650,260000
0,0,0,4,3,4,1.5,1550,19800,1,1050,500,1969,1640,22654,252000
0,0,0,4,3,3,1.5,1560,7300,1,1040,520,1964,1460,7910,224000
0,0,0,4,3,4,1.5,1580,8468,2,1580,0,1971,1580,8260,265000
0,0,0,3,3,3,1.5,1580,14040,1,1050,530,1980,2240,12000,264500
0,0,0,4,3,3,1.5,1600,10548,1,1600,0,1962,2880,13609,220000
0,0,0,3,3,3,1.5,1660,15600,2,1660,0,1981,1660,14400,220000
0,0,0,5,3,3,1.5,1670,8230,1,1670,0,1954,2077,4910,227950
0,0,0,4,3,3,1.5,1780,10196,1,1270,510,1967,1320,7875,265000
0,0,0,4,3,3,1.5,1800,9216,1,1800,0,1950,1400,10022,237000
0,0,0,4,3,3,1.5,1810,14400,1,1810,0,1954,1710,12000,229500
0,0,0,3,4,3,1.5,1810,8232,1,1810,0,1988,2260,8491,300000
0,0,0,4,3,3,1.5,2030,14400,1,1310,720,1969,1330,14400,250000
0,0,0,3,3,4,1.5,2050,7100,1,1050,1000,1963,1950,7350,265000
0,0,0,4,3,4,1.5,2070,7245,1,1060,1010,1964,1450,7350,235000
0,yes,0,4,4,6,1.5,2140,36509,1.5,2140,0,1903,1710,12000,230000
0,0,0,4,2,2,1.75,870,18537,1,870,0,1946,1300,22800,199950
0,0,0,4,3,3,1.75,1140,9800,1,1140,0,1968,1370,9800,206000
0,0,0,4,2,3,1.75,1210,8075,1,1210,0,1983,1310,8025,215000
0,0,0,3,2,2,1.75,1220,15600,1,1220,0,1972,1510,17818,215500
0,0,0,4,3,3,1.75,1230,13056,1,1230,0,1962,1690,15750,175000
0,0,0,3,2,3,1.75,1230,12000,1,1230,0,1970,1550,12000,179900
0,0,0,4,3,3,1.75,1250,8084,1,1250,0,1967,1340,7680,209000
0,0,0,3,3,3,1.75,1290,8250,1,1290,0,1983,1410,7823,220000
0,0,0,3,3,3,1.75,1300,6318,1,1300,0,1980,1150,8002,198000
0,0,0,4,3,4,1.75,1300,21000,1,1300,0,1969,2120,9920,229950
0,0,0,3,3,3,1.75,1330,16000,1,1330,0,1978,1330,14374,180000
0,0,0,3,3,3,1.75,1330,9831,1,1330,0,1987,1330,7500,248000
0,0,0,3,3,3,1.75,1370,8006,2,1370,0,1990,1530,8006,160000
0,yes,0,4,2,3,1.75,1380,14000,1,1380,0,1939,1490,18503,249900
0,0,0,4,4,3,1.75,1440,11325,1,1440,0,1966,1440,20000,246000
0,0,0,4,3,3,1.75,1450,12125,1,1450,0,1981,1210,12125,243000
0,0,0,3,3,3,1.75,1470,8350,1,1470,0,1990,1590,8182,212000
0,0,0,4,3,3,1.75,1490,10125,1,1490,0,1962,2488,4981,184000
0,0,0,3,3,3,1.75,1510,9837,2,1510,0,1989,1470,8054,227000
0,0,0,4,3,3,1.75,1580,14400,1,1580,0,1981,1480,9600,225000
0,0,0,4,3,3,1.75,1610,7392,1,1610,0,1964,1450,7392,160000
0,yes,0,4,3,3,1.75,1620,37913,2,1620,0,1953,2190,21518,370000
0,0,0,3,3,3,1.75,1670,8511,1,1340,330,1985,1580,7218,260000
0,0,0,4,3,3,1.75,1690,7735,1,1060,630,1976,1580,7503,197000
0,0,0,4,4,3,1.75,1780,35233,1,1420,360,1979,1950,17334,250000
0,0,0,5,2,4,1.75,1790,12000,1,1790,0,1944,1550,9840,199900
0,0,0,3,3,5,1.75,1798,11232,1,1798,0,1967,1300,15582,199900
0,0,0,3,4,3,1.75,1840,16679,1,1840,0,1989,1910,15571,274950
0,0,0,3,3,4,1.75,1850,7350,1,1050,800,1965,1450,7250,270000
0,0,0,3,3,3,1.75,1880,11249,1,1330,550,1985,1870,14547,340000
0,0,0,5,3,4,1.75,1880,9600,1,1020,860,1946,1560,14400,240000
0,0,0,3,4,3,1.75,1880,30346,1,1880,0,1988,2260,5883,310000
0,0,0,4,3,4,1.75,1890,9623,1,1290,600,1969,1510,9711,314950
0,0,0,4,2,2,1.75,1894,52769,1.5,1520,374,1936,1820,50529,280000
0,0,0,4,4,3,1.75,1910,17003,1.5,1910,0,1963,1820,14806,175000
0,0,0,4,4,3,1.75,1910,17003,1.5,1910,0,1963,1820,14806,299000
0,0,0,3,3,3,1.75,1920,9306,1,1000,920,1984,1860,8458,245000
0,0,0,3,3,5,1.75,1950,8720,1,1050,900,1962,1660,8030,274000
0,0,0,4,3,2,1.75,2056,52333,1,1048,1008,1980,2220,6458,289000
0,0,0,5,2,3,1.75,2080,12522,1,2080,0,1950,1690,11200,249900
0,0,0,4,3,4,1.75,2080,7200,1,1050,1030,1966,1500,7350,198000
0,0,0,3,3,3,1.75,2100,15480,1,2100,0,1983,1330,15657,299000
0,0,0,4,3,3,1.75,2170,10018,1,1630,540,1978,2049,15263,260000
0,0,0,4,3,3,1.75,2180,9220,1,1090,1090,1938,2050,22400,389000
0,0,0,4,3,3,1.75,2240,9200,1,1440,800,1968,1740,9600,276000
0,0,3,5,3,3,1.75,2259,26831,1.5,1491,768,1908,1980,15794,262500
0,0,0,5,3,5,1.75,2320,7700,1,1290,1030,1962,1740,7210,250000
0,0,2,4,4,3,1.75,2320,55847,1,2320,0,1960,2400,26112,541500
0,0,0,3,3,4,1.75,2370,10140,1,1460,910,1968,1450,7800,305000
0,0,0,4,3,3,1.75,2710,9088,1,2060,650,1965,1690,10454,278000
0,0,0,4,4,3,1.75,3160,76230,1,2160,1000,1978,1990,45789,625000
0,0,0,4,3,3,2,1050,18304,1,1050,0,1953,1690,15675,169100
0,0,0,4,3,3,2,1050,18304,1,1050,0,1953,1690,15675,250000
0,0,0,4,3,1,2,1150,9812,1,1150,0,1962,1200,9812,115000
0,0,0,4,3,1,2,1150,9812,1,1150,0,1962,1200,9812,227000
0,0,0,3,3,3,2,1170,7258,1,1170,0,1984,1410,7750,250000
0,0,0,3,3,3,2,1200,9566,1,1200,0,1995,1590,9518,222400
0,0,0,3,2,4,2,1360,60548,1,960,400,1960,1930,28800,263400
0,0,0,3,3,3,2,1380,7476,1,1380,0,1989,1600,7227,272000
0,yes,0,2,3,3,2,1380,9000,2,1380,0,1946,1460,9732,215500
0,0,0,2,3,3,2,1390,8245,1,1390,0,1984,1260,8245,204900
0,0,0,3,3,3,2,1400,9177,1,1400,0,1974,2020,8547,233000
0,0,0,3,3,3,2,1410,8384,1,1410,0,1985,1410,9205,205000
0,0,0,3,3,3,2,1410,10248,1,1410,0,1985,2090,9414,271920
0,0,0,3,3,3,2,1430,10850,1,1430,0,1994,1610,8015,234950
0,0,0,3,3,3,2,1440,10111,1,1440,0,1963,1580,10200,210000
0,0,0,4,3,4,2,1440,10800,1,1440,0,1967,1190,7380,230000
0,0,0,3,3,3,2,1450,11204,1,1450,0,2003,1520,9518,230000
0,0,0,3,3,4,2,1450,7560,1,1450,0,1967,1430,7560,234950
0,0,0,4,3,3,2,1510,9153,1,1510,0,1974,1780,9286,234950
0,0,0,3,2,3,2,1560,7352,1,1560,0,1992,1120,7950,196440
0,0,0,4,3,3,2,1560,7000,1,1560,0,1968,1560,7200,226500
0,0,0,5,3,5,2,1590,9350,1,1060,530,1962,1460,8210,247000
0,0,0,3,3,3,2,1630,8018,1,1630,0,2003,1610,8397,260000
0,0,0,3,3,3,2,1660,13085,1,1010,650,1985,1660,7778,250000
0,0,0,3,3,4,2,1670,9987,1,1670,0,1967,1640,7280,204700
0,0,0,3,3,4,2,1720,7560,1,1720,0,1959,1750,7988,206000
0,0,0,3,4,3,2,1730,12821,1,1730,0,1994,1980,11336,313100
0,0,0,5,3,3,2,1760,9282,1,1100,660,1947,1730,7500,215000
0,0,0,3,3,3,2,1770,7000,1,1770,0,1986,1510,10462,241000
0,0,0,3,3,3,2,1790,7879,1.5,1790,0,1998,1790,7879,258000
0,0,0,3,4,3,2,1824,7120,1,1824,0,2010,2409,6264,375900
0,0,0,3,4,3,2,1850,9550,1,1850,0,1988,2250,9550,289000
0,0,0,4,2,4,2,1910,4225,1,910,1000,1919,1060,4800,189950
0,0,0,3,3,3,2,1936,6612,2,1936,0,2014,1620,21600,274900
0,0,0,4,3,3,2,2030,24829,1,1220,810,1979,1980,15204,225000
0,0,0,5,3,5,2,2080,16117,1,1740,340,1959,1510,13068,254000
0,0,0,4,3,4,2,2130,9579,1,1250,880,1968,1590,9800,233000
0,0,0,4,3,4,2,2190,14439,1,1180,1010,1977,2160,14439,280000
0,0,0,3,4,3,2,2250,7904,1.5,2250,0,1998,2460,8622,328000
0,0,0,3,3,4,2,2270,18450,1,2270,0,1961,2150,18450,375000
0,0,0,4,4,4,2,2370,76665,2,2370,0,1978,2110,19334,411000
0,0,0,5,4,4,2,2680,18768,1,2680,0,1965,1230,15750,360000
yes,0,4,3,4,3,2,2740,23505,2,2740,0,1988,2800,16400,535000
0,0,0,3,3,4,2.25,1500,5393,2,1500,0,1999,1500,5952,215000
0,0,0,3,3,4,2.25,1500,5393,2,1500,0,1999,1700,5917,210000
0,0,0,4,3,3,2.25,1560,8280,2,1560,0,1979,1920,8120,239950
0,0,0,3,3,3,2.25,1590,11745,1,1090,500,1978,1540,12530,190000
0,0,0,3,3,3,2.25,1630,10969,2,1630,0,1991,1410,7920,265000
0,0,0,3,3,4,2.25,1700,7056,2,1700,0,1999,1650,6025,269500
0,0,0,3,3,4,2.25,1730,8400,1,1730,0,1962,1550,7920,250000
0,0,0,4,3,3,2.25,1820,19602,1,1820,0,1964,1520,8773,277500
0,0,0,3,3,3,2.25,1830,4744,2,1830,0,1997,1670,8001,182500
0,0,0,3,3,3,2.25,1830,11331,1,1250,580,1965,2240,16433,230000
0,0,2,4,4,3,2.25,2060,47318,1,1600,460,1976,1870,19663,335000
0,0,0,3,3,3,2.25,2070,11576,2,2070,0,1974,1890,7519,196000
0,0,0,3,3,3,2.25,2100,8163,2,2100,0,1984,1410,7515,299900
0,0,0,3,4,3,2.25,2120,14915,1,1720,400,1979,2320,13100,332000
0,0,0,3,3,4,2.25,2190,9113,2,2190,0,1986,1570,8306,245000
0,0,0,3,3,3,2.25,2190,8834,1,1390,800,1987,1490,8766,194250
0,0,0,4,3,5,2.25,2320,6375,1,1270,1050,1967,1760,7600,260000
0,0,0,3,4,3,2.25,2520,78408,2,2520,0,1988,1490,29972,449888
0,0,0,3,3,4,2.25,2560,8927,1,1790,770,1976,1920,9669,303000
0,0,0,4,3,4,2.25,2710,22860,1,1850,860,1962,1700,22860,359000
yes,0,0,3,4,4,2.25,2810,25990,2,1860,950,1959,2020,16140,571500
0,0,0,3,4,5,2.25,3070,64033,1,2730,340,1983,1560,28260,420000
0,0,0,3,3,2,2.5,1150,2064,2,1150,0,2004,1880,2855,214100
0,0,0,3,4,4,2.5,1252,25002,1,992,260,1996,1860,25002,352000
0,0,0,3,3,3,2.5,1322,6006,2,1322,0,2009,1440,6796,215000
0,0,0,3,3,3,2.5,1550,4486,2,1550,0,2000,1700,4487,280000
0,0,0,4,3,3,2.5,1560,4800,2,1560,0,1974,1510,12240,239950
0,0,0,3,3,3,2.5,1570,9292,1,1110,460,1977,1470,9222,284200
0,0,0,3,3,3,2.5,1570,5113,1,1090,480,1996,1570,5150,256000
0,0,0,3,3,3,2.5,1580,8541,2,1580,0,1990,1640,7542,213550
0,0,0,3,3,3,2.5,1590,9736,2,1590,0,1985,1580,7500,285000
0,0,0,4,4,3,2.5,1600,9830,2,1600,0,1993,1890,8910,299950
0,0,0,3,3,3,2.5,1600,2231,2,1600,0,2003,1600,2962,214000
0,0,0,3,3,3,2.5,1600,4271,2,1600,0,2000,1700,4746,280000
0,0,0,3,4,3,2.5,1600,7982,2,1600,0,1993,1890,9830,315000
0,0,0,3,3,3,2.5,1600,6848,2,1600,0,2000,1700,7210,290000
0,0,0,3,3,4,2.5,1610,4568,2,1610,0,2006,1834,4604,292500
0,0,0,3,3,4,2.5,1660,6724,2,1660,0,2009,1544,6054,255000
0,0,0,3,3,4,2.5,1700,4268,2,1700,0,2000,1700,4488,245000
0,0,0,3,3,3,2.5,1720,6847,2,1720,0,1987,1610,7790,263000
0,0,0,3,3,3,2.5,1740,10050,2,1740,0,1989,1300,10125,225000
0,0,0,3,3,4,2.5,1740,7895,2,1740,0,1999,1720,6813,302000
0,0,0,3,3,3,2.5,1750,6351,2,1750,0,2012,1398,6092,250000
0,0,0,3,4,4,2.5,1767,4500,2,1767,0,2006,1949,4636,205000
0,0,0,3,3,3,2.5,1770,8640,1,1420,350,1986,1894,7974,270000
0,0,0,3,4,3,2.5,1770,9450,1,1770,0,1988,2200,8582,289950
0,0,0,3,3,3,2.5,1794,4769,2,1794,0,2005,3557,4807,254950
0,0,0,3,4,3,2.5,1808,19200,1,1808,0,2005,1450,14400,270000
0,0,0,3,3,4,2.5,1820,8217,1,1120,700,1987,1310,8217,234000
0,0,0,3,3,3,2.5,1830,4997,2,1830,0,2004,2488,4998,286651
0,0,0,3,3,4,2.5,1840,13493,2,1840,0,1994,1430,11463,190000
0,0,0,3,3,4,2.5,1847,8000,2,1847,0,2008,1847,8000,215000
0,0,0,3,3,4,2.5,1847,8000,2,1847,0,2008,1767,8000,216000
0,0,0,3,3,3,2.5,1870,7942,2,1870,0,1990,1870,7392,299950
0,0,0,3,3,4,2.5,1889,6000,2,1889,0,2012,1990,6350,277950
0,0,0,3,4,4,2.5,1912,5000,2,1912,0,2012,2020,5000,353000
0,0,0,3,3,4,2.5,1921,4888,2,1921,0,2009,1921,9140,245000
0,0,0,3,3,4,2.5,1930,8660,1,1120,810,1981,1830,9591,250600
0,0,0,3,4,3,2.5,1930,4000,2,1930,0,2014,2050,4000,345500
0,0,0,3,4,4,2.5,1934,5677,2,1934,0,2013,1919,5049,280000
0,0,0,3,3,3,2.5,1940,10350,1,1420,520,1979,1810,7800,295000
0,0,0,3,3,3,2.5,1950,8251,2,1950,0,1990,1540,8588,287600
0,0,0,3,4,4,2.5,1954,5075,2,1954,0,2007,1934,5000,235245
0,0,0,3,3,4,2.5,1960,7875,1,1220,740,1978,2030,7650,234500
0,0,0,3,3,3,2.5,1970,9607,2,1090,880,1988,2020,9608,289000
0,0,0,3,3,4,2.5,1987,6000,2,1987,0,2011,1880,9589,255000
0,0,0,4,3,4,2.5,2000,13300,1,1200,800,1968,1800,9810,290000
0,0,0,3,3,3,2.5,2014,4500,2,2014,0,2005,2014,4500,321000
0,0,0,3,3,4,2.5,2020,6236,2,2020,0,2002,1940,5076,262000
0,0,0,3,3,5,2.5,2025,7760,2,2025,0,2007,1664,9000,260000
0,0,0,3,4,4,2.5,2030,4596,2,2030,0,2014,2040,4705,349500
0,0,0,3,2,4,2.5,2060,16000,2,2060,0,1993,1530,8000,286000
0,0,0,4,3,4,2.5,2068,7242,2,2068,0,1976,1560,7524,276000
0,0,0,3,3,4,2.5,2080,9846,1,1240,840,1984,1890,7977,286950
0,0,0,5,3,3,2.5,2120,22482,1,1360,760,1979,2330,16016,329500
0,0,0,3,3,4,2.5,2130,4496,2,2130,0,2004,3220,5400,215000
0,0,0,3,4,4,2.5,2130,9013,2,2130,0,1988,2350,8982,310000
0,0,0,3,4,3,2.5,2153,4400,2,2153,0,2007,2434,4400,259000
0,0,0,3,4,4,2.5,2160,9528,2,2160,0,1992,2280,9937,360000
0,0,0,3,4,4,2.5,2160,8049,2,2160,0,1988,2490,8995,317000
0,0,0,3,3,4,2.5,2160,8005,2,2160,0,1993,1790,8016,220000
0,0,0,3,3,4,2.5,2163,5882,2,2163,0,2006,1760,9600,255000
0,0,0,3,4,4,2.5,2181,5521,2,2181,0,2006,2333,5143,340000
0,0,0,3,4,4,2.5,2200,9397,2,2200,0,1987,2310,9176,285000
0,0,0,3,3,3,2.5,2217,8019,2,2217,0,2009,1470,8037,275000
0,0,0,3,4,3,2.5,2220,20531,2,2220,0,1998,2420,19249,382450
0,0,0,3,3,4,2.5,2233,6025,2,2233,0,2012,1544,6036,317500
0,0,0,3,3,4,2.5,2240,4648,2,2240,0,2005,2221,4557,287000
0,0,2,3,3,4,2.5,2240,6944,1,1310,930,1979,1780,7477,287500
0,0,0,3,4,4,2.5,2240,4800,2,2240,0,2014,2240,5040,331210
0,0,0,3,3,3,2.5,2244,4079,2,2244,0,2012,2077,4078,269950
0,0,0,3,3,4,2.5,2250,9091,1,1340,910,1982,1540,7802,305000
0,0,0,3,4,3,2.5,2280,7417,2,2280,0,1998,2370,6443,320000
0,0,0,3,4,4,2.5,2301,6452,2,2301,0,2010,2650,6054,375500
0,0,0,3,4,4,2.5,2303,3680,2,2303,0,2013,2303,3760,329995
0,0,0,4,3,4,2.5,2360,7350,1,1440,920,1965,1450,7305,285000
0,0,0,3,4,3,2.5,2380,9719,2,2380,0,2001,2830,11505,299999
0,0,0,3,4,4,2.5,2390,7056,2,2390,0,1990,2590,7801,360000
0,0,0,3,4,4,2.5,2400,6078,2,2400,0,2001,2406,7642,299000
0,0,0,3,4,4,2.5,2400,4596,2,2400,0,2004,2230,4763,280000
0,0,0,3,4,5,2.5,2406,7093,2,2406,0,2006,1767,7093,270500
0,0,0,3,4,4,2.5,2425,9017,2,2425,0,2013,2725,7019,447500
0,0,2,3,4,3,2.5,2432,9391,2,2432,0,2005,2912,8932,427000
0,0,0,3,4,4,2.5,2434,4400,2,2434,0,2007,2434,4400,285000
0,0,0,3,4,4,2.5,2480,8626,2,2480,0,2001,2990,9033,420000
0,0,0,3,4,3,2.5,2495,4400,2,2495,0,2007,2434,4400,267000
0,0,0,3,4,3,2.5,2495,4400,2,2495,0,2007,2434,4400,276000
0,0,0,3,4,3,2.5,2497,4400,2,2497,0,2007,2434,4400,275000
0,0,0,3,4,4,2.5,2502,8306,2,2502,0,2013,2597,6983,453000
0,0,0,3,4,3,2.5,2507,18400,2,2507,0,2006,1520,14709,551870
0,0,0,3,4,4,2.5,2550,7555,2,2550,0,2001,2550,6800,340000
0,0,0,3,4,4,2.5,2575,4725,2,2575,0,2011,2575,5323,359000
0,0,0,3,4,3,2.5,2594,4455,2,2594,0,2012,2981,4950,351000
0,0,0,3,4,4,2.5,2600,8572,2,2600,0,2003,2170,5288,300000
0,0,0,3,4,4,2.5,2610,4781,2,2610,0,2009,2583,4796,335000
0,0,0,3,4,4,2.5,2620,5457,2,2620,0,2003,2740,5816,321500
0,0,0,3,4,4,2.5,2628,11466,2,2628,0,2014,2849,10909,499160
0,0,0,3,4,4,2.5,2632,4117,2,2632,0,2013,2040,5195,349950
0,0,0,3,4,4,2.5,2650,9301,2,2650,0,2001,2730,8688,429000
0,0,0,3,4,3,2.5,2650,12247,2,2650,0,2002,2920,8965,425000
0,0,0,3,4,4,2.5,2650,8685,2,2650,0,2006,2650,7932,424000
0,0,0,3,4,3,2.5,2714,17936,2,2714,0,2005,2590,18386,465000
0,0,0,3,4,4,2.5,2717,4513,2,2717,0,2005,2550,4841,338500
0,0,0,3,4,3,2.5,2720,40813,2,2720,0,2001,2250,40511,460000
0,0,0,4,3,4,2.5,2770,7000,1,1940,830,1979,2140,7684,355000
0,0,0,4,4,5,2.5,2780,9652,1,1390,1390,1967,1790,9652,290000
0,0,0,3,3,4,2.5,2789,3960,2,2789,0,2007,2547,3960,272000
0,0,0,3,4,4,2.5,2820,6983,2,2820,0,2013,2597,7222,457000
0,0,0,3,4,5,2.5,2840,6010,2,2840,0,2003,2740,5509,372000
0,0,0,3,4,4,2.5,2846,85377,1.5,1976,870,2000,1696,57934,482000
0,0,0,3,4,4,2.5,2891,6499,2,2891,0,2014,2550,8383,415000
0,0,0,3,4,4,2.5,2900,6918,2,2900,0,2001,2720,10376,339000
0,0,0,3,4,4,2.5,2940,9172,2,2940,0,2006,2660,7955,480000
0,0,0,3,4,4,2.5,3030,9500,2,3030,0,1989,2650,9500,367950
0,0,0,3,4,4,2.5,3056,11385,2,3056,0,2014,2849,8607,524225
0,0,2,3,4,4,2.5,3118,7866,2,3118,0,2014,2673,6500,541800
0,0,2,3,4,4,2.5,3170,10688,2,3170,0,2001,3100,12610,455000
0,0,3,3,4,4,2.5,3230,16171,2,2520,710,2001,2640,8517,480000
yes,0,0,3,4,4,2.5,3380,75794,2,3380,0,1997,3710,17913,639900
0,0,0,3,4,3,2.5,3430,48993,2,3430,0,2001,2460,36256,515000
0,0,0,3,3,4,2.5,3504,6000,2,3504,0,2006,2790,5231,330000
0,0,0,3,3,5,2.5,3597,4972,2,3597,0,2006,3193,6000,330000
0,0,0,3,4,4,2.5,3710,15935,1,2130,1580,2005,3674,17913,485000
0,0,3,4,4,5,2.5,3860,42733,1,2300,1560,1955,2520,19353,430000
0,0,0,3,4,4,2.5,4073,17334,2,4073,0,2008,1780,9625,510000
0,0,3,3,3,4,2.75,1560,8820,1,1060,500,1979,2140,7800,259900
0,0,0,3,2,2,2.75,1590,20917,1.5,1590,0,1920,1310,6000,199950
0,0,0,3,4,2,2.75,1770,10534,1,1210,560,2003,1600,17400,279000
0,0,0,3,4,4,2.75,1830,6643,2,1830,0,2001,2400,6472,250000
0,0,0,4,3,3,2.75,1900,16117,1,1900,0,1958,1640,19166,255000
0,0,0,3,4,4,2.75,2050,4000,2,2050,0,2014,2050,4000,355000
0,0,0,3,3,4,2.75,2060,7350,1,1210,850,1978,1940,7420,275000
0,0,0,3,4,4,2.75,2140,9920,2,2140,0,1993,2130,9920,354450
0,0,0,3,4,4,2.75,2140,10316,2,2140,0,1993,1920,11337,359500
0,0,0,3,4,4,2.75,2190,14937,2,2190,0,1993,1920,11360,367300
0,0,0,3,3,4,2.75,2240,7200,1,1140,1100,1967,1580,7416,260000
0,0,0,3,3,4,2.75,2260,4440,2,2260,0,2014,2260,4563,341780
0,0,0,3,4,5,2.75,2481,4045,2,2481,0,2014,2363,4175,309000
0,0,0,3,4,4,2.75,2656,21195,2,2656,0,2014,1860,16510,495000
0,0,0,3,4,5,2.75,3220,8160,2,3220,0,1999,2876,11521,384000
0,0,0,4,4,4,2.75,3230,12651,2,3230,0,2002,2550,12081,409000
yes,0,0,2,4,4,2.75,5440,239580,1,2720,2720,1969,1970,40392,850000
0,0,0,3,2,3,3,1530,9997,1,1020,510,1992,1410,9997,154000
0,0,0,3,4,4,3,2050,4000,2,2050,0,2014,2050,4000,370228
0,0,0,3,4,4,3,2050,4000,2,2050,0,2014,2050,4000,353500
0,0,0,3,3,4,3,2163,5883,2,2163,0,2006,1700,10143,248000
0,yes,0,3,4,3,3,2290,15600,1,1420,870,1948,1890,14143,465000
0,0,0,3,4,5,3,2300,8214,2,2300,0,2013,2594,4950,312891
0,0,0,3,4,4,3,2590,7213,2,2590,0,2001,2550,6800,355000
0,0,0,3,4,5,3,2670,9920,1,1400,1270,1990,1890,10341,370000
0,0,4,3,4,5,3,3720,25474,2,2090,1630,1986,1870,14547,500000
0,0,0,3,4,4,3.5,2796,3520,2.5,2796,0,2013,2040,5195,349950
0,0,0,3,4,4,3.5,3828,18900,2.5,3828,0,2014,2120,18900,552900
0,0,2,3,4,4,3.5,3906,9674,2,3906,0,2014,2673,6500,549950
yes,0,0,3,4,4,3.5,4083,68377,2,4083,0,2005,2430,41382,637000
